,theta,calulated_p,phat,Dicrepancy_percnt
0,3.0,0.1991482734714558,0.02104077,846.4876055133155
1,3.0016680567139282,0.1988992690001664,0.02098957,847.6099878890329
2,3.0033361134278564,0.1986505413541969,0.020938477,848.7344549762746
3,3.0050041701417847,0.19840209030247502,0.020887522,849.8593947477174
4,3.006672226855713,0.19815391561393003,0.020836702,850.9850419686381
5,3.0083402835696416,0.1979060170574931,0.020785993,852.1124027596827
6,3.01000834028357,0.19765839440209787,0.020735392,853.2416416075341
7,3.011676396997498,0.19741104741668114,0.020684937,854.3710346898688
8,3.0133444537114262,0.19716397587018364,0.020634592,855.5021969354659
9,3.0150125104253545,0.19691717953155052,0.020584373,856.6343430070882
10,3.0166805671392827,0.19667065816973195,0.020534253,857.7687612221922
11,3.018348623853211,0.19642441155368384,0.020484272,858.9035324670953
12,3.020016680567139,0.19617843945236824,0.020434413,860.039510026211
13,3.0216847372810673,0.1959327416347545,0.020384664,861.1772083410143
14,3.023352793994996,0.1956873178698193,0.020335022,862.3167086057114
15,3.0250208507089242,0.19544216792654778,0.020285515,863.456766179216
16,3.0266889074228525,0.19519729157393317,0.020236125,864.5981604258783
17,3.0283569641367807,0.19495268858097892,0.020186843,865.7413256533923
18,3.030025020850709,0.194708358716698,0.020137697,866.8849138299255
19,3.031693077564637,0.1944643017501142,0.020088632,868.0315963968019
20,3.0333611342785654,0.19422051745026248,0.02003972,869.1777778559663
21,3.0350291909924936,0.1939770055861897,0.01999114,870.3148379785625
22,3.036697247706422,0.19373376592695501,0.019943208,871.4273188201029
23,3.0383653044203505,0.19349079824163073,0.0198954,872.5403357355367
24,3.0400333611342787,0.19324810229930278,0.019847691,873.6553321177274
25,3.041701417848207,0.1930056778690714,0.01980011,874.770745859627
26,3.043369474562135,0.19276352472005132,0.019752616,875.888581581195
27,3.0450375312760634,0.19252164262137317,0.019705256,877.0065319234571
28,3.0467055879899916,0.1922800313421833,0.019658003,878.1259638563375
29,3.04837364470392,0.19203869065164447,0.019610858,879.2467757221067
30,3.050041701417848,0.19179762031893732,0.019563831,880.3683977120382
31,3.0517097581317767,0.19155682011325925,0.019516898,881.4921253422075
32,3.053377814845705,0.19131628980382698,0.019470084,882.6166404708356
33,3.055045871559633,0.19107602915987543,0.019423397,883.7415495475332
34,3.0567139282735614,0.1908360379506594,0.0193768,884.8687256272049
35,3.0583819849874896,0.19059631594545368,0.019330315,885.9969331462546
36,3.060050041701418,0.1903568629135538,0.019283943,887.126253771941
37,3.061718098415346,0.1901176786242762,0.019237677,888.2569617299099
38,3.0633861551292743,0.1898787628469596,0.019191524,889.3886629830073
39,3.0650542118432025,0.1896401153509648,0.019145476,890.5218251956816
40,3.066722268557131,0.18940173590567544,0.019099535,891.6562457431244
41,3.0683903252710594,0.18916362428049882,0.01905371,892.7915250088568
42,3.0700583819849876,0.18892578024486628,0.019007973,893.92910826496
43,3.071726438698916,0.1886882035682338,0.018962368,895.0666493521175
44,3.073394495412844,0.18845089402008242,0.018916868,896.2055942543932
45,3.0750625521267723,0.18821385136991908,0.018871462,897.3464252173427
46,3.0767306088407005,0.1879770753872767,0.018826166,898.488347076412
47,3.0783986655546287,0.1877405658417155,0.018780967,899.6320404369338
48,3.080066722268557,0.18750432250282267,0.018735902,900.7755092901853
49,3.0817347789824856,0.18726834514021373,0.018690927,901.9211224761219
50,3.083402835696414,0.18703263352353194,0.018646277,903.0561523668243
51,3.085070892410342,0.18679718742245077,0.018601883,904.18428277424
52,3.0867389491242703,0.18656200660667221,0.018557549,905.3160113037561
53,3.0884070058381985,0.1863270908459289,0.018513346,906.4474024897455
54,3.0900750625521267,0.18609243990998392,0.018469248,907.5799525916658
55,3.091743119266055,0.18585805356863172,0.018425241,908.7143632570092
56,3.093411175979983,0.18562393159169843,0.01838136,909.8486853988223
57,3.0950792326939114,0.18539007374904215,0.018337576,910.984639367441
58,3.09674728940784,0.18515647981055428,0.018293876,912.1227331870738
59,3.0984153461217683,0.18492314954615918,0.01825029,913.2614137176158
60,3.1000834028356965,0.1846900827258151,0.018206783,914.4026343782883
61,3.1017514595496247,0.18445727911951482,0.018163415,915.5429606729907
62,3.103419516263553,0.18422473849728593,0.01812013,916.685493809673
63,3.105087572977481,0.1839924606291914,0.018076956,917.8287641980342
64,3.1067556296914094,0.1837604452853303,0.018033873,918.973807412886
65,3.1084236864053376,0.18352869223583768,0.017990893,920.1199837911478
66,3.110091743119266,0.18329720125088644,0.017948013,921.2673865535023
67,3.1117597998331945,0.1830659721006862,0.017905217,922.4169611305559
68,3.1134278565471227,0.18283500455548496,0.017862562,923.5653969047338
69,3.115095913261051,0.18260429838556924,0.017819963,924.7175840479134
70,3.116763969974979,0.18237385336126444,0.017777484,925.8698828318005
71,3.1184320266889074,0.18214366925293535,0.017734913,927.0344582832112
72,3.1201000834028356,0.1819137458309874,0.017692175,928.2158540322459
73,3.121768140116764,0.1816840828658659,0.017649548,929.3979287497406
74,3.123436196830692,0.18145468012805765,0.01760701,930.58197185541
75,3.1251042535446203,0.18122553738809077,0.017564595,931.7661182198194
76,3.126772310258549,0.18099665441653556,0.017522236,932.9540760897
77,3.128440366972477,0.18076803098400485,0.017480027,934.140460435229
78,3.1301084236864054,0.18053966686115452,0.017437877,935.3305363898696
79,3.1317764804003336,0.1803115618186839,0.01739585,936.5205437495298
80,3.133444537114262,0.1800837156273365,0.017353924,937.7117919692615
81,3.13511259382819,0.1798561280579002,0.017312106,938.9038208656046
82,3.1367806505421183,0.17962879888120797,0.017270353,940.0991924764337
83,3.1384487072560465,0.17940172786813824,0.01722874,941.2934131047399
84,3.140116763969975,0.17917491478961556,0.017187186,942.4913020127578
85,3.1417848206839034,0.17894835941661058,0.01714576,943.6886768896619
86,3.1434528773978316,0.17872206152014147,0.017104419,944.8882365453314
87,3.14512093411176,0.17849602087127314,0.017063184,946.0886075257067
88,3.146788990825688,0.17827023724111912,0.017022036,947.2909179235937
89,3.1484570475396163,0.1780447104008407,0.016980994,948.494011800397
90,3.1501251042535445,0.17781944012164852,0.016940042,949.6989096564256
91,3.1517931609674728,0.17759442617480203,0.016899189,950.9050249698201
92,3.153461217681401,0.17736966833161094,0.016858438,952.1121115561486
93,3.1551292743953296,0.1771451663634349,0.016817786,953.3203863772987
94,3.156797331109258,0.1769209200416847,0.016777221,954.5305378369259
95,3.158465387823186,0.17669692913782198,0.016736751,955.7420892476121
96,3.1601334445371143,0.17647319342335988,0.016696371,956.9553824825064
97,3.1618015012510425,0.17624971266986433,0.016656103,958.1689892831245
98,3.1634695579649708,0.17602648664895315,0.01661593,959.3839548777365
99,3.165137614678899,0.17580351513229775,0.016575836,960.6012203265246
100,3.166805671392827,0.1755807978916225,0.016535852,961.8188695859976
101,3.1684737281067554,0.1753583346987062,0.016495971,963.0373598595386
102,3.170141784820684,0.1751361253253818,0.01645617,964.2581186548394
103,3.1718098415346123,0.17491416954353745,0.016416462,965.4802969728169
104,3.1734778982485405,0.17469246712511632,0.016376857,966.7032762800093
105,3.1751459549624688,0.17447101784211727,0.016337339,967.9280120476651
106,3.176814011676397,0.1742498214665955,0.016297905,969.1547402996948
107,3.178482068390325,0.17402887777066312,0.01625859,970.3811252437623
108,3.1801501251042534,0.17380818652648888,0.016219366,971.6089819011138
109,3.1818181818181817,0.17358774750629946,0.016180199,972.8406453621593
110,3.18348623853211,0.17336756048237933,0.016141154,974.0716671004467
111,3.1851542952460385,0.1731476252270714,0.016102202,975.3040030322495
112,3.1868223519599668,0.17292794151277757,0.016063342,976.5377646976892
113,3.188490408673895,0.17270850911195912,0.01602456,977.7738169070965
114,3.190158465387823,0.17248932779713666,0.0159859,979.0091393772661
115,3.1918265221017514,0.17227039734089122,0.015947286,980.2489960562044
116,3.1934945788156797,0.17205171751586468,0.015908804,981.4874567456668
117,3.195162635529608,0.1718332880947595,0.015870396,982.7284182252555
118,3.196830692243536,0.17161510885034004,0.015831819,983.9885863613487
119,3.1984987489574648,0.171397179555432,0.015793305,985.2521416190668
120,3.200166805671393,0.17117949998292392,0.01575487,986.5180645157579
121,3.2018348623853212,0.1709620699057668,0.01571651,987.7864809926734
122,3.2035029190992494,0.17074488909697494,0.015678257,989.0553192134175
123,3.2051709758131777,0.1705279573296261,0.01564011,990.3245549816293
124,3.206839032527106,0.170311274376862,0.015602034,991.5966399227453
125,3.208507089241034,0.1700948400118889,0.015564047,992.8702682286744
126,3.2101751459549623,0.16987865400797797,0.015526161,994.1446401889976
127,3.2118432026688906,0.16966271613846517,0.015488371,995.4199984420794
128,3.213511259382819,0.16944702617675267,0.015450671,996.6968536191018
129,3.2151793160967475,0.16923158389630832,0.015413056,997.9755247362807
130,3.2168473728106757,0.16901638907066685,0.015375516,999.2566683432826
131,3.218515429524604,0.16880144147342946,0.015338095,1000.5372082956379
132,3.220183486238532,0.16858674087826464,0.015300735,1001.8211999669805
133,3.2218515429524603,0.16837228705890883,0.015263473,1003.1060267065509
134,3.2235195996663886,0.16815807978916664,0.01522632,1004.39079024879
135,3.225187656380317,0.1679441188429106,0.015189241,1005.6781725180107
136,3.226855713094245,0.1677304039940829,0.015152246,1006.9672882238251
137,3.2285237698081737,0.1675169350166944,0.015115337,1008.2579903457303
138,3.230191826522102,0.16730371168482616,0.0150785325,1009.5490332322141
139,3.23185988323603,0.16709073377262884,0.0150418095,1010.84197316653
140,3.2335279399499584,0.16687800105432404,0.015005174,1012.1363872262372
141,3.2351959966638866,0.16666551330420376,0.014968613,1013.4332318789461
142,3.236864053377815,0.1664532702966316,0.014932153,1014.7305573219388
143,3.238532110091743,0.16624127180604298,0.014895795,1016.0281997373077
144,3.2402001668056712,0.16602951760694473,0.014859496,1017.3294244439293
145,3.2418682235195995,0.16581800747391673,0.014823311,1018.6300238771759
146,3.243536280233528,0.16560674118161134,0.014787207,1019.9325009577258
147,3.2452043369474564,0.16539571850475432,0.0147511605,1021.2386870198334
148,3.2468723936613846,0.1651849392181448,0.01471523,1022.5440457325078
149,3.248540450375313,0.164974403096656,0.01467937,1023.852032218511
150,3.250208507089241,0.1647641099152355,0.014643612,1025.1602838161848
151,3.2518765638031693,0.16455405944890567,0.014607932,1026.4705690967812
152,3.2535446205170975,0.16434425147276344,0.014572345,1027.7817991987677
153,3.2552126772310257,0.1641346857619821,0.014536822,1029.096052339069
154,3.2568807339449544,0.16392536209180975,0.014501399,1030.410645314851
155,3.2585487906588826,0.1637162802375719,0.01446606,1031.7267905273675
156,3.260216847372811,0.16350743997466943,0.0144308,1033.044840507252
157,3.261884904086739,0.16329884107858117,0.014395645,1034.3628044861528
158,3.2635529608006673,0.16309048332486253,0.014360566,1035.6828611118067
159,3.2652210175145955,0.162882366489147,0.014325553,1037.005816179249
160,3.2668890742285237,0.16267449034714598,0.01429065,1038.3281101719122
161,3.268557130942452,0.1624668546746495,0.0142558105,1039.653577355162
162,3.27022518765638,0.16225945924752605,0.014221055,1040.9804287046388
163,3.2718932443703084,0.16205230384172342,0.01418639,1042.3082740768718
164,3.273561301084237,0.16184538823326877,0.014151809,1043.637470337733
165,3.2752293577981653,0.16163871219826942,0.014117309,1044.9683040251482
166,3.2768974145120935,0.1614322755129125,0.014082913,1046.2988674517733
167,3.2785654712260217,0.161226077953466,0.014048566,1047.6336921939894
168,3.28023352793995,0.16102011929627857,0.014014323,1048.9682128467832
169,3.281901584653878,0.1608143993177804,0.013980141,1050.3059973300883
170,3.2835696413678064,0.16060891779448316,0.013946055,1051.6440512311822
171,3.2852376980817346,0.16040367450298043,0.013912038,1052.9847397075814
172,3.2869057547956633,0.16019866921994808,0.013878128,1054.3248073425482
173,3.2885738115095915,0.15999390172214478,0.013844286,1055.6674043230294
174,3.2902418682235197,0.15978937178641228,0.0138105275,1057.0113571680974
175,3.291909924937448,0.15958507918967535,0.013776848,1058.35696319046
176,3.293577981651376,0.1593810237089428,0.013743252,1059.703895315834
177,3.2952460383653044,0.15917720512130706,0.013709728,1061.053004829485
178,3.2969140950792326,0.15897362320394548,0.013676413,1062.3926486500632
179,3.298582151793161,0.15877027773411956,0.013643449,1063.7106990185775
180,3.300250208507089,0.15856716848917607,0.013610538,1065.0323255381081
181,3.3019182652210173,0.1583642952465475,0.013577737,1066.352656910128
182,3.303586321934946,0.15816165778375135,0.01354498,1067.677270000389
183,3.305254378648874,0.15795925587839188,0.013512315,1069.002152527306
184,3.3069224353628024,0.15775708930815913,0.013479728,1070.3284099092623
185,3.3085904920767306,0.1575551578508303,0.0134472195,1071.656027341794
186,3.310258548790659,0.1573534612842693,0.013414793,1072.984664091678
187,3.311926605504587,0.15715199938642777,0.013382431,1074.315772530431
188,3.3135946622185153,0.15695077193534457,0.01335016,1075.6471350737454
189,3.3152627189324435,0.15674977870914686,0.013317959,1076.9804532344692
190,3.316930775646372,0.15654901948605005,0.013285833,1078.3153878581163
191,3.3185988323603004,0.15634849404435835,0.013253792,1079.651014698969
192,3.3202668890742286,0.15614820216246494,0.013221813,1080.9893079126475
193,3.321934945788157,0.1559481436188518,0.013189925,1082.3277617382255
194,3.323603002502085,0.15574831819209134,0.01315811,1083.667856117375
195,3.3252710592160133,0.15554872566084532,0.013126359,1085.0104195296224
196,3.3269391159299415,0.15534936580386594,0.0130947465,1086.3487827921415
197,3.3286071726438697,0.15515023839999587,0.013063554,1087.6572157697062
198,3.330275229357798,0.15495134322816861,0.01303242,1088.9683412620202
199,3.331943286071726,0.15475268006740928,0.013001373,1090.2795160074468
200,3.333611342785655,0.15455424869683387,0.012970405,1091.5915677129947
201,3.335279399499583,0.15435604889565058,0.012939485,1092.9072246781307
202,3.3369474562135113,0.1541580804431597,0.012908668,1094.2214128558792
203,3.3386155129274395,0.15396034311875373,0.012877907,1095.5385842767084
204,3.3402835696413677,0.15376283670191793,0.012847216,1096.8572667836702
205,3.341951626355296,0.15356556097223084,0.012816616,1098.1755322159286
206,3.343619683069224,0.15336851570936416,0.012786076,1099.4963181944813
207,3.345287739783153,0.15317170069308306,0.012755596,1100.8196225817178
208,3.346955796497081,0.15297511570324696,0.012725206,1102.142539753586
209,3.3486238532110093,0.1527787605198092,0.012694876,1103.4679504811718
210,3.3502919099249375,0.15258263492281798,0.012664622,1104.7942574747592
211,3.3519599666388658,0.1523867386924158,0.012634439,1106.12188591648
212,3.353628023352794,0.15219107160884116,0.012604328,1107.4509101128015
213,3.355296080066722,0.15199563345242684,0.012574288,1108.7812263716323
214,3.3569641367806504,0.15180042400360239,0.012544318,1110.1129990937313
215,3.3586321934945786,0.15160544304289236,0.012514408,1111.4472064038982
216,3.360300250208507,0.1514106903509186,0.012484584,1112.7812212742092
217,3.3619683069224355,0.15121616570839858,0.012454819,1114.1177363337147
218,3.3636363636363638,0.15102186889614755,0.012425137,1115.4543801431646
219,3.365304420350292,0.1508277996950771,0.0123955,1116.7947819376748
220,3.36697247706422,0.1506339578861967,0.012365963,1118.1336310802685
221,3.3686405337781484,0.1504403432506134,0.012336483,1119.4751170494335
222,3.3703085904920767,0.15024695556953227,0.012307074,1120.8178526789006
223,3.371976647206005,0.15005379462425672,0.012277722,1122.1631198386267
224,3.373644703919933,0.1498608601961885,0.01224845,1123.5087762086575
225,3.3753127606338618,0.1496681520668286,0.012219259,1124.8546099335308
226,3.37698081734779,0.14947567001777662,0.012190125,1126.202935695086
227,3.378648874061718,0.14928341383073207,0.01216106,1127.5526222949838
228,3.3803169307756464,0.1490913832874936,0.012132057,1128.9044094124283
229,3.3819849874895747,0.14889957816996036,0.012103123,1130.2575324137356
230,3.383653044203503,0.14870799826013137,0.012074267,1131.6110259495904
231,3.385321100917431,0.14851664334010595,0.012045469,1132.9668664211702
232,3.3869891576313593,0.14832551319208487,0.012016739,1134.324188063554
233,3.3886572143452875,0.14813460759836905,0.011988076,1135.6828809364893
234,3.3903252710592158,0.14794392634136155,0.011959487,1137.0424482460692
235,3.3919933277731444,0.14775346920356613,0.0119309705,1138.402772953009
236,3.3936613844870727,0.14756323596758913,0.01190251,1139.765676570601
237,3.395329441201001,0.14737322641613881,0.011874123,1141.129404350534
238,3.396997497914929,0.14718344033202535,0.011845801,1142.494619094022
239,3.3986655546288573,0.14699387749816206,0.011817547,1143.8612087113374
240,3.4003336113427856,0.14680453769756485,0.011789359,1145.2291579285063
241,3.402001668056714,0.14661542071335298,0.011761249,1146.5973654390352
242,3.403669724770642,0.14642652632874875,0.0117331715,1147.9705589704367
243,3.4053377814845707,0.14623785432707848,0.011705183,1149.3426974116603
244,3.407005838198499,0.1460494044917724,0.011677265,1150.7158345736023
245,3.408673894912427,0.14586117660636466,0.011649409,1152.0907518744846
246,3.4103419516263553,0.14567317045449402,0.011621601,1153.4690452964417
247,3.4120100083402836,0.14548538581990378,0.011593886,1154.8457810977345
248,3.413678065054212,0.1452978224864423,0.011566214,1156.2262740171514
249,3.41534612176814,0.14511048023806294,0.011538636,1157.6051536826271
250,3.4170141784820682,0.1449233588588248,0.011511095,1158.988484747836
251,3.4186822351959965,0.14473645813289238,0.011483636,1160.3713775066908
252,3.4203502919099247,0.14454977784453615,0.011456213,1161.7588233295141
253,3.4220183486238533,0.14436331777813294,0.011428878,1163.1451785983065
254,3.4236864053377816,0.1441770777181658,0.011401536,1164.540834121391
255,3.42535446205171,0.14399105744922436,0.011374275,1165.9361138752074
256,3.427022518765638,0.14380525675600553,0.011347058,1167.335144069304
257,3.4286905754795662,0.143619675423313,0.01131991,1168.7351152888268
258,3.4303586321934945,0.14343431323605804,0.011292833,1170.1357972877709
259,3.4320266889074227,0.1432491699792594,0.011265819,1171.5380078058092
260,3.4336947456213514,0.14306424543804386,0.011238868,1172.9417322490306
261,3.4353628023352796,0.1428795393976463,0.011211976,1174.3474851007063
262,3.437030859049208,0.14269505164340957,0.011185149,1175.7546196013675
263,3.438698915763136,0.14251078196078582,0.011158395,1177.1620535131851
264,3.4403669724770642,0.14232673013533537,0.011131693,1178.5722194791908
265,3.4420350291909925,0.14214289595272778,0.011105065,1179.9825391161498
266,3.4437030859049207,0.14195927919874196,0.0110785,1181.3943835208106
267,3.445371142618849,0.1417758796592663,0.011051962,1182.8118456054106
268,3.447039199332777,0.14159269712029876,0.011025528,1184.2259498298329
269,3.4487072560467054,0.14140973136794754,0.010999147,1185.6427258435137
270,3.450375312760634,0.14122698218843088,0.010972832,1187.0604229304686
271,3.4520433694745623,0.14104444936807758,0.01094657,1188.4807736870855
272,3.4537114261884905,0.1408621326933268,0.010920364,1189.9032249180068
273,3.4553794829024187,0.14068003195072876,0.010894227,1191.3264428565803
274,3.457047539616347,0.14049814692694484,0.010868161,1192.749961245093
275,3.458715596330275,0.14031647740874753,0.010842151,1194.1756418827106
276,3.4603836530442034,0.14013502318302118,0.010816203,1195.6026954015904
277,3.4620517097581316,0.1399537840367615,0.010790318,1197.0311049746037
278,3.4637197664720603,0.13977275975707637,0.010764493,1198.4611905872287
279,3.4653878231859885,0.1395919501311862,0.010738729,1199.8927130693983
280,3.4670558798999167,0.1394113549464231,0.01071302,1201.3263349364815
281,3.468723936613845,0.13923097399023243,0.010687384,1202.7601169271861
282,3.470391993327773,0.13905080705017225,0.010661792,1204.1973330454582
283,3.4720600500417014,0.1388708539139133,0.010636271,1205.6347869186557
284,3.4737281067556296,0.1386911143692402,0.010610801,1207.0748586855034
285,3.475396163469558,0.13851158820405063,0.0105854105,1208.5140905651594
286,3.477064220183486,0.13833227520635605,0.010560061,1209.9571787944956
287,3.4787322768974143,0.13815317516428183,0.010534781,1211.4005384039308
288,3.480400333611343,0.13797428786606758,0.010509561,1212.845420297145
289,3.482068390325271,0.13779561310006727,0.010484391,1214.2929762762728
290,3.4837364470391994,0.1376171506547491,0.010459291,1215.7407424418682
291,3.4854045037531276,0.1374389003186962,0.010434263,1217.188336507888
292,3.487072560467056,0.13726086188060682,0.010409268,1218.640915973179
293,3.488740617180984,0.13708303512929387,0.010384349,1220.09270024407
294,3.4904086738949123,0.1369054198536861,0.01035948,1221.5472132700236
295,3.4920767306088405,0.1367280158428278,0.010334676,1223.0024250559559
296,3.493744787322769,0.13655082288587828,0.010309916,1224.46106275868
297,3.4954128440366974,0.136373840772114,0.010285238,1225.9182079226714
298,3.4970809007506256,0.13619706929092668,0.010260615,1227.377306770028
299,3.498748957464554,0.13602050823182454,0.010236033,1228.8400405013576
300,3.500417014178482,0.13584415738443256,0.010211522,1230.3027754539562
301,3.5020850708924103,0.13566801653849236,0.010187063,1231.7676710342926
302,3.5037531276063385,0.1354920854838625,0.010162662,1233.234229099474
303,3.5054211843202667,0.13531636401051872,0.010138333,1234.7003505959085
304,3.507089241034195,0.13514085190855385,0.010114043,1236.1704280391957
305,3.508757297748123,0.1349655489681787,0.01008982,1237.6407667575377
306,3.510425354462052,0.1347904549797212,0.01006565,1239.1133195858304
307,3.51209341117598,0.13461556973362787,0.0100416215,1240.5760170351161
308,3.5137614678899083,0.1344408930204627,0.010017769,1242.0242321616242
309,3.5154295246038365,0.13426642463090843,0.0099939825,1243.4726808163537
310,3.5170975813177647,0.13409216435576576,0.009970255,1244.9220879350362
311,3.518765638031693,0.1339181119859545,0.009946565,1246.3754577620618
312,3.520433694745621,0.1337442673125132,0.009922946,1247.8282461520814
313,3.52210175145955,0.1335706301265993,0.009899382,1249.2825736304856
314,3.523769808173478,0.13339720021948942,0.009875868,1250.7389343397313
315,3.5254378648874063,0.13322397738257996,0.00985241,1252.1968067260595
316,3.5271059216013345,0.13305096140738626,0.009829012,1253.6555337305847
317,3.5287739783152627,0.13287815208554388,0.0098056495,1255.1183104038441
318,3.530442035029191,0.13270554920880828,0.00978237,1256.5786897084995
319,3.532110091743119,0.13253315256905485,0.009759118,1258.0443910748638
320,3.5337781484570474,0.1323609619582793,0.009735938,1259.509065907728
321,3.5354462051709756,0.1321889771685979,0.009712814,1260.9750208212026
322,3.537114261884904,0.13201719799224754,0.009689748,1262.441975573581
323,3.538782318598832,0.13184562422158597,0.009666719,1263.912931165717
324,3.5404503753127607,0.13167425564909174,0.009643748,1265.3846010090112
325,3.542118432026689,0.13150309206736488,0.009620841,1266.8565637650208
326,3.543786488740617,0.1313321332691264,0.009597987,1268.3299856216609
327,3.5454545454545454,0.13116137904721914,0.009575178,1269.8061822574282
328,3.5471226021684736,0.13099082919460747,0.009552422,1271.2839474037582
329,3.548790658882402,0.13082048350437758,0.009529729,1272.7617896966246
330,3.5504587155963305,0.13065034176973778,0.009507098,1274.2399472232644
331,3.5521267723102588,0.13048040378401837,0.009484499,1275.7227141235378
332,3.553794829024187,0.13031066934067226,0.00946197,1277.2044130037366
333,3.555462885738115,0.1301411382332749,0.009439481,1278.689489506878
334,3.5571309424520434,0.12997181025552407,0.009417046,1280.1760357473856
335,3.5587989991659716,0.12980268520124072,0.009394662,1281.664171829469
336,3.5604670558799,0.12963376286436867,0.00937235,1283.1511332454118
337,3.562135112593828,0.1294650430389751,0.009350081,1284.6408752335146
338,3.5638031693077563,0.12929652551925042,0.009327855,1286.1335329255055
339,3.5654712260216845,0.12912821009950826,0.00930569,1287.6263268820924
340,3.5671392827356128,0.1289600965741864,0.009283561,1289.1231281756957
341,3.5688073394495414,0.12879218473784615,0.009261492,1290.6203103354815
342,3.5704753961634697,0.128624474385173,0.009239492,1292.116301343133
343,3.572143452877398,0.12845696531097617,0.009217527,1293.6164071383132
344,3.573811509591326,0.1282896573101895,0.009195627,1295.115975337968
345,3.5754795663052543,0.12812255017787133,0.0091737695,1296.618370718327
346,3.5771476230191825,0.12795564370920454,0.009151959,1298.1230210951353
347,3.5788156797331108,0.1277889376994965,0.009130196,1299.6297745960003
348,3.5804837364470394,0.12762243194417977,0.009108506,1301.1346091143014
349,3.5821517931609677,0.12745612623881186,0.0090868445,1302.6445162552352
350,3.583819849874896,0.12729002037907577,0.009065248,1304.153745887766
351,3.585487906588824,0.1271241141607794,0.009043694,1305.6658771512539
352,3.5871559633027523,0.12695840737985653,0.009022189,1307.1796001918988
353,3.5888240200166805,0.1267928998323663,0.009000753,1308.6921293400972
354,3.5904920767306088,0.12662759131449386,0.00897935,1310.2088311818488
355,3.592160133444537,0.12646248162255047,0.008958006,1311.725753504349
356,3.593828190158465,0.12629757055297308,0.008936717,1313.2434548452454
357,3.5954962468723934,0.1261328579023252,0.008915462,1314.7653095693374
358,3.5971643035863217,0.12596834346729668,0.008894268,1316.2867306436888
359,3.5988323603002503,0.12580402704470361,0.008873116,1317.811103276111
360,3.6005004170141786,0.12563990843148942,0.008852031,1319.3342439587386
361,3.602168473728107,0.12547598742472377,0.008830966,1320.8635991185145
362,3.603836530442035,0.12531226382160354,0.008809976,1322.390479187134
363,3.6055045871559632,0.12514873741945243,0.0087890355,1323.9188991603921
364,3.6071726438698914,0.12498540801572189,0.008768136,1325.4502046072291
365,3.6088407005838197,0.1248222754079904,0.0087472815,1326.9836327204919
366,3.6105087572977483,0.12465933939396379,0.00872648,1328.517952687765
367,3.6121768140116766,0.12449659977147609,0.008705729,1330.053752449641
368,3.613844870725605,0.12433405633848871,0.00868503,1331.5904000459775
369,3.615512927439533,0.12417170889309093,0.008664363,1333.1314140199715
370,3.6171809841534612,0.12400955723350049,0.008643765,1334.670623250288
371,3.6188490408673895,0.12384760115806315,0.0086232,1336.2140249795957
372,3.6205170975813177,0.12368584046525277,0.008602716,1337.7533798948666
373,3.622185154295246,0.1235242749536718,0.008582247,1339.2998580922467
374,3.623853211009174,0.12336290442205144,0.008561839,1340.8458204518574
375,3.6255212677231023,0.12320172866925161,0.008541471,1342.3946880282458
376,3.6271893244370306,0.12304074749426097,0.008521152,1343.9450371075457
377,3.6288573811509592,0.12287996069619711,0.008500892,1345.4949491018008
378,3.6305254378648875,0.12271936807430672,0.008480671,1347.0478818560698
379,3.6321934945788157,0.12255896942796607,0.008460495,1348.6028763541726
380,3.633861551292744,0.12239876455668053,0.008440373,1350.158160159173
381,3.635529608006672,0.12223875326008471,0.008420292,1351.7162715758416
382,3.6371976647206004,0.12207893533794334,0.008400266,1353.2746282587507
383,3.638865721434529,0.1219193105901506,0.008380279,1354.83594747572
384,3.6405337781484572,0.12175987881673067,0.008360343,1356.3981170532577
385,3.6422018348623855,0.12160063981783775,0.008340458,1357.961111910929
386,3.6438698915763137,0.12144159339375582,0.008320617,1359.526376974551
387,3.645537948290242,0.12128273934489942,0.008300814,1361.09455760298
388,3.64720600500417,0.12112407747181353,0.008281077,1362.6608796648482
389,3.6488740617180984,0.12096560757517327,0.008261375,1364.2309020357034
390,3.6505421184320266,0.12080732945578454,0.0082417205,1365.8023102196178
391,3.652210175145955,0.12064924291458401,0.008222107,1367.3762479733011
392,3.653878231859883,0.12049134775263914,0.008202553,1368.949371713421
393,3.6555462885738113,0.12033364377114808,0.008183032,1370.5263249402578
394,3.65721434528774,0.12017613077144051,0.008163562,1372.1040903019416
395,3.658882402001668,0.12001880855497693,0.00814413,1373.6848327565956
396,3.6605504587155964,0.11986167692334926,0.00812477,1375.2624611040096
397,3.6622185154295246,0.11970473567828088,0.008105426,1376.846920433099
398,3.663886572143453,0.11954798462162652,0.008086142,1378.4304146126528
399,3.665554628857381,0.11939142355537269,0.008066897,1380.0166582480874
400,3.6672226855713093,0.11923505228163767,0.008047705,1381.6032450471735
401,3.668890742285238,0.11907887060267142,0.00802855,1383.1927248688592
402,3.670558798999166,0.11892287832085602,0.00800955,1384.7635125642703
403,3.6722268557130944,0.11876707523870556,0.007990742,1386.3084519400938
404,3.6738949124270226,0.11861146115886634,0.007971982,1387.8541873049915
405,3.675562969140951,0.11845603588411702,0.007953258,1389.402612607228
406,3.677231025854879,0.11830079921736836,0.007934593,1390.9498725814285
407,3.6788990825688073,0.11814575096166413,0.00791596,1392.5006636757405
408,3.6805671392827355,0.11799089092018022,0.00789737,1394.053051085781
409,3.6822351959966637,0.11783621889622553,0.007878823,1395.606841502061
410,3.683903252710592,0.11768173469324161,0.007860332,1397.159887722373
411,3.68557130942452,0.11752743811480315,0.007841861,1398.718735015807
412,3.687239366138449,0.11737332896461761,0.007823443,1400.2771587999052
413,3.688907422852377,0.11721940704652578,0.0078050843,1401.8339569468133
414,3.6905754795663053,0.11706567216450137,0.007786752,1403.3953733395103
415,3.6922435362802335,0.11691212412265206,0.007768471,1404.9567311692044
416,3.6939115929941617,0.11675876272521823,0.0077502183,1406.522251121825
417,3.69557964970809,0.11660558777657426,0.007732022,1408.0865839380795
418,3.697247706422018,0.11645259908122796,0.0077138604,1409.65396764324
419,3.698915763135947,0.11629979644382071,0.0076957527,1411.2205596600415
420,3.700583819849875,0.11614717966912846,0.007677673,1412.7914569212596
421,3.7022518765638033,0.11599474856206005,0.007659638,1414.3633558482222
422,3.7039199332777315,0.11584250292765907,0.007641653,1415.9351248713233
423,3.7055879899916597,0.11569044257110284,0.007623706,1417.5092320502542
424,3.707256046705588,0.11553856729770318,0.007605801,1419.0848309109053
425,3.708924103419516,0.11538687691290606,0.007587934,1420.6626499098402
426,3.7105921601334444,0.11523537122229166,0.007570123,1422.2391200871832
427,3.7122602168473726,0.11508405003157507,0.007552336,1423.8205832889375
428,3.713928273561301,0.11493291314660548,0.007534597,1425.4022490346329
429,3.715596330275229,0.11478196037336719,0.0075168926,1426.9868291438502
430,3.7172643869891577,0.11463119151797885,0.007499244,1428.5699536950399
431,3.718932443703086,0.11448060638669444,0.0074816183,1430.1583362045017
432,3.720600500417014,0.11433020478590239,0.0074640447,1431.7459763663135
433,3.7222685571309424,0.11417998652212646,0.007446504,1433.3367642842027
434,3.7239366138448706,0.11402995140202543,0.0074290233,1434.9252143551116
435,3.725604670558799,0.11388009923239317,0.007411565,1436.5188955677067
436,3.7272727272727275,0.11373042982015913,0.0073941583,1438.111918789524
437,3.7289407839866557,0.11358094297238797,0.007376784,1439.708131330704
438,3.730608840700584,0.11343163849627957,0.0073594484,1441.3062641301474
439,3.732276897414512,0.11328251619916974,0.0073421695,1442.90248656252
440,3.7339449541284404,0.11313357588852979,0.0073249172,1444.5031275016293
441,3.7356130108423686,0.11298481737196664,0.007307699,1446.1066218295093
442,3.737281067556297,0.11283624045722307,0.0072905337,1447.7089116170764
443,3.738949124270225,0.11268784495217776,0.0072734086,1449.3127279480893
444,3.7406171809841533,0.11253963066484518,0.007256317,1450.9194458148493
445,3.7422852376980815,0.11239159740337623,0.0072392686,1452.5269636205871
446,3.7439532944120097,0.11224374497605749,0.007222263,1454.135355662547
447,3.7456213511259384,0.11209607319131187,0.007205284,1455.7481158320106
448,3.7472894078398666,0.11194858185769874,0.0071883546,1457.360311136811
449,3.748957464553795,0.11180127078391355,0.007171475,1458.9718003917017
450,3.750625521267723,0.11165413977878846,0.007154621,1460.5877223867083
451,3.7522935779816513,0.11150718865129183,0.0071377996,1462.2067632194003
452,3.7539616346955795,0.1113604172105288,0.0071210377,1463.8228869125112
453,3.7556296914095078,0.1112138252657412,0.0071043083,1465.4419807529023
454,3.7572977481234364,0.11106741262630726,0.007087604,1467.0656880619379
455,3.7589658048373646,0.1109211791017426,0.0070709595,1468.686376796432
456,3.760633861551293,0.11077512450169913,0.00705433,1470.3139328700374
457,3.762301918265221,0.11062924863596613,0.0070377593,1471.9385109978598
458,3.7639699749791493,0.11048355131446963,0.007021224,1473.5653687778563
459,3.7656380316930775,0.1103380323472728,0.0070047206,1475.1953327128924
460,3.7673060884070058,0.11019269154457623,0.0069882525,1476.8275593625742
461,3.768974145120934,0.11004752871671741,0.006971823,1478.461299184959
462,3.770642201834862,0.1099025436741714,0.0069554416,1480.0944172188065
463,3.7723102585487904,0.10975773622755036,0.0069390982,1481.729101506963
464,3.7739783152627187,0.10961310618760423,0.006922793,1483.365333359125
465,3.7756463719766473,0.10946865336522016,0.0069065094,1485.0069410534256
466,3.7773144286905755,0.10932437757142299,0.006890284,1486.645473501983
467,3.7789824854045038,0.10918027861737545,0.0068740863,1488.2878580777726
468,3.780650542118432,0.10903635631437736,0.006857939,1489.928917256774
469,3.78231859883236,0.108892610473867,0.0068418104,1491.5759687388663
470,3.7839866555462884,0.10874904090742021,0.0068257325,1493.2215389840012
471,3.7856547122602167,0.1086056474267505,0.006809682,1494.8710309627238
472,3.7873227689741453,0.1084624298437099,0.006793679,1496.519744153267
473,3.7889908256880735,0.10831938797028795,0.0067777033,1498.172466887589
474,3.7906588824020018,0.10817652161861246,0.0067617754,1499.8242471282836
475,3.79232693911593,0.10803383060094962,0.006745884,1501.477693339323
476,3.793994995829858,0.10789131472970337,0.00673003,1503.1327874206106
477,3.7956630525437864,0.10774897381741655,0.0067142,1504.7924048405566
478,3.7973311092577147,0.10760680767676967,0.0066984138,1506.4520894118982
479,3.798999165971643,0.10746481612058223,0.0066826637,1508.1134873895958
480,3.800667222685571,0.10732299896181174,0.006666957,1509.7748944070183
481,3.8023352793994993,0.10718135601355461,0.006651284,1511.4385316226933
482,3.8040033361134276,0.10703988708904544,0.0066356477,1513.1038204532817
483,3.8056713928273562,0.10689859200165774,0.006620051,1514.769947279976
484,3.8073394495412844,0.1067574705649037,0.006604478,1516.44064626887
485,3.8090075062552127,0.10661652259243404,0.0065889535,1518.1100963759202
486,3.810675562969141,0.1064757478980386,0.0065734596,1519.78249492139
487,3.812343619683069,0.10633514629564567,0.0065580173,1521.4526554274416
488,3.8140116763969973,0.10619471759932286,0.006542593,1523.1289528497225
489,3.815679733110926,0.10605446162327636,0.0065272073,1524.8060820511614
490,3.8173477898248542,0.1059143781818519,0.006511854,1526.4857604966708
491,3.8190158465387825,0.10577446708953364,0.006496549,1528.1638938342414
492,3.8206839032527107,0.10563472816094543,0.0064812717,1529.8457001173294
493,3.822351959966639,0.1054951612108499,0.006466035,1531.5278911564299
494,3.824020016680567,0.10535576605414909,0.006450825,1533.2138540830035
495,3.8256880733944953,0.1052165425058843,0.0064356537,1534.900634142982
496,3.8273561301084236,0.10507749038123604,0.006420524,1536.587491607406
497,3.829024186822352,0.10493860949552436,0.0064054267,1538.2766542832721
498,3.83069224353628,0.10479989966420877,0.006390367,1539.966795236661
499,3.8323603002502082,0.1046613607028879,0.0063753375,1541.6599269522503
500,3.834028356964137,0.10452299242730023,0.0063603423,1543.3548407802678
501,3.835696413678065,0.10438479465332384,0.0063453913,1545.0489836503214
502,3.8373644703919934,0.10424676719697623,0.006330464,1546.7476415018796
503,3.8390325271059216,0.10410890987441457,0.0063155736,1548.4474210452192
504,3.84070058381985,0.1039712225019358,0.006300718,1550.148785368408
505,3.842368640533778,0.10383370489597676,0.0062858975,1551.8517144287248
506,3.8440366972477062,0.10369635687311374,0.0062711234,1553.553118329802
507,3.845704753961635,0.103559178250063,0.006256366,1555.2608301767143
508,3.847372810675563,0.10342216884368105,0.006241656,1556.96684276403
509,3.8490408673894914,0.10328532847096383,0.006226964,1558.6787927980968
510,3.8507089241034196,0.10314865694904729,0.006212325,1560.387369989629
511,3.852376980817348,0.10301215409520781,0.0061977077,1562.100870573079
512,3.854045037531276,0.10287581972686133,0.006183137,1563.8126671672662
513,3.8557130942452043,0.10273965366156412,0.0061685946,1565.5277351218822
514,3.8573811509591325,0.10260365571701269,0.0061540855,1567.2445574403184
515,3.8590492076730607,0.10246782571104329,0.006139611,1568.962862300839
516,3.860717264386989,0.10233216346163299,0.0061251703,1570.682755253938
517,3.862385321100917,0.1021966687868987,0.0061107595,1572.405362866893
518,3.864053377814846,0.10206134150509749,0.0060963836,1574.1292695164468
519,3.865721434528774,0.10192618143462717,0.0060820463,1575.8534252598502
520,3.8673894912427023,0.10179118839402579,0.0060677426,1577.5792121046509
521,3.8690575479566305,0.1016563622019715,0.006053467,1579.308160105121
522,3.8707256046705587,0.10152170267728311,0.0060392246,1581.0387092600718
523,3.872393661384487,0.10138720963892012,0.0060250154,1582.7709690871945
524,3.874061718098415,0.101252882905982,0.0060108392,1584.5049201243264
525,3.875729774812344,0.10111872229770935,0.005996696,1586.2405426714643
526,3.877397831526272,0.10098472763348276,0.0059825983,1587.9744007692527
527,3.8790658882402003,0.10085089873282405,0.0059685213,1589.7132946921556
528,3.8807339449541285,0.10071723541539512,0.0059544803,1591.4530058758799
529,3.8824020016680567,0.1005837375009988,0.0059404694,1593.1950982919916
530,3.884070058381985,0.10045040480957868,0.0059264884,1594.9396922751991
531,3.885738115095913,0.10031723716121888,0.0059125545,1596.681831920667
532,3.8874061718098414,0.10018423437614454,0.0058986414,1598.428963588978
533,3.8890742285237696,0.10005139627472137,0.005884761,1600.1777375865743
534,3.890742285237698,0.09991872267745605,0.0058709183,1601.9266484736881
535,3.892410341951626,0.09978621340499605,0.005857106,1603.6778275458314
536,3.8940783986655547,0.09965386827812961,0.0058433227,1605.431532423387
537,3.895746455379483,0.09952168711778653,0.005829569,1607.1877514742412
538,3.897414512093411,0.09938966974503649,0.0058158557,1608.9431889348748
539,3.8990825688073394,0.09925781598109074,0.005802174,1610.7004080038805
540,3.9007506255212676,0.09912612564730183,0.005788517,1612.461455790136
541,3.902418682235196,0.09899459856516268,0.0057749026,1614.2210811523914
542,3.9040867389491245,0.09886323455630752,0.0057613063,1615.986444230661
543,3.9057547956630527,0.09873203344251202,0.0057477555,1617.7493551036578
544,3.907422852376981,0.09860099504569231,0.0057342686,1619.5043053961008
545,3.909090909090909,0.09847011918790616,0.005720987,1621.2085860667862
546,3.9107589658048374,0.09833940569135224,0.005707736,1622.9143657292127
547,3.9124270225187656,0.09820885437837046,0.005694513,1624.6224702811048
548,3.914095079232694,0.0980784650714418,0.0056813317,1626.3287842430636
549,3.915763135946622,0.09794823759318882,0.0056681666,1628.0409206463685
550,3.9174311926605503,0.09781817176637486,0.0056550317,1629.7546291293781
551,3.9190992493744785,0.0976882674139048,0.0056419326,1631.4681750531968
552,3.9207673060884067,0.09755852435882473,0.005628864,1633.1832419726563
553,3.9224353628023354,0.0974289424243221,0.0056158276,1634.8990903419349
554,3.9241034195162636,0.09729952143372567,0.005602824,1636.6156925148634
555,3.925771476230192,0.09717026121050543,0.0055898456,1638.33533754919
556,3.92743953294412,0.09704116157827303,0.005576894,1640.057439097096
557,3.9291075896580483,0.09691222236078112,0.0055639697,1641.7819860672232
558,3.9307756463719765,0.09678344338192402,0.005551086,1643.5047257457275
559,3.9324437030859047,0.09665482446573737,0.0055382233,1645.231620914204
560,3.9341117597998334,0.09652636543639836,0.005525391,1646.95987999294
561,3.9357798165137616,0.09639806611822543,0.005512596,1648.6872651161952
562,3.93744787322769,0.09626992633567877,0.00549983,1650.4163995737351
563,3.939115929941618,0.09614194591335978,0.005487086,1652.1494955231663
564,3.9407839866555463,0.09601412467601156,0.005474376,1653.8825285386627
565,3.9424520433694745,0.09588646244851873,0.005461686,1655.6202520322272
566,3.9441201000834027,0.09575895905590714,0.0054490315,1657.3574205510045
567,3.945788156797331,0.09563161432334477,0.0054364125,1659.0941433079972
568,3.947456213511259,0.09550442807614068,0.005423817,1660.8343105490799
569,3.9491242702251874,0.09537740013974572,0.005411248,1662.5767072196809
570,3.9507923269391156,0.09525053033975217,0.005398716,1664.3182759115089
571,3.9524603836530443,0.09512381850189411,0.005386202,1666.0647743580298
572,3.9541284403669725,0.09499726445204715,0.00537373,1667.8087092700537
573,3.9557964970809008,0.09487086801622846,0.005361274,1669.5583186987444
574,3.957464553794829,0.09474462902059722,0.005348849,1671.3086884066026
575,3.959132610508757,0.09461854729145369,0.005336453,1673.060563338706
576,3.9608006672226854,0.09449262265524005,0.005324091,1674.8123699425346
577,3.9624687239366136,0.09436685493854047,0.0053117545,1676.5665632179637
578,3.9641367806505423,0.0942412439680802,0.0052994457,1678.32266188436
579,3.9658048373644705,0.09411578957072675,0.0052871685,1680.0792375917567
580,3.9674728940783988,0.09399049157348882,0.0052749175,1681.8381463296537
581,3.969140950792327,0.09386534980351735,0.005262689,1683.6004796944337
582,3.970809007506255,0.09374036408810471,0.005250494,1685.3627518149885
583,3.9724770642201834,0.09361553425468494,0.0052383323,1687.124766734939
584,3.9741451209341117,0.09349086013083374,0.005226193,1688.8903108643926
585,3.97581317764804,0.09336634154426904,0.0052140723,1690.6606622131537
586,3.977481234361968,0.09324197832284997,0.005201997,1692.4266863245684
587,3.9791492910758963,0.09311777029457768,0.0051899394,1694.197640494753
588,3.9808173477898245,0.09299371728759509,0.0051779146,1695.9685302194728
589,3.982485404503753,0.09286981913018677,0.005165915,1697.7419110057933
590,3.9841534612176814,0.09274607565077919,0.005153943,1699.516958030924
591,3.9858215179316097,0.09262248667794037,0.005142001,1701.2926723924472
592,3.987489574645538,0.09249905204038034,0.005130084,1703.0708243051397
593,3.989157631359466,0.09237577156695098,0.005118195,1704.8505802021482
594,3.9908256880733943,0.09225264508664555,0.005106323,1706.6355437621326
595,3.992493744787323,0.0921296724285996,0.0050944956,1708.4159773010294
596,3.994161801501251,0.09200685342209003,0.00508272,1710.1893112054117
597,3.9958298582151794,0.09188418789653585,0.005071084,1711.923991467183
598,3.9974979149291077,0.09176167568149762,0.0050594676,1713.6626700173456
599,3.999165971643036,0.09163931660667801,0.0050478876,1715.3993219969702
600,4.000834028356964,0.09151711050192113,0.005036319,1717.1427971829157
601,4.002502085070892,0.09139505719721308,0.005024779,1718.8870589592007
602,4.004170141784821,0.09127315652268186,0.0050132778,1720.6283592893196
603,4.005838198498749,0.09115140830859692,0.005001791,1722.3754563232337
604,4.007506255212677,0.09102981238536989,0.004990337,1724.1215629643968
605,4.009174311926605,0.09090836858355389,0.004978909,1725.8691957010133
606,4.0108423686405335,0.09078707673384412,0.0049675032,1727.6198760479501
607,4.012510425354462,0.09066593666707723,0.004956125,1729.371535856679
608,4.01417848206839,0.09054494821423198,0.0049447683,1731.1262185718754
609,4.015846538782318,0.09042411120642868,0.004933442,1732.8808042290977
610,4.017514595496246,0.09030342547492964,0.0049221553,1734.6317850423002
611,4.019182652210175,0.09018289085113873,0.004910865,1736.3952845086621
612,4.020850708924104,0.09006250716660169,0.004899618,1738.1535703147254
613,4.022518765638032,0.08994227425300616,0.0048883967,1739.9135664689177
614,4.02418682235196,0.08982219194218122,0.0048771924,1741.6782433561532
615,4.025854879065888,0.08970226006609816,0.0048660245,1743.4403782439585
616,4.027522935779817,0.08958247845686951,0.0048548826,1745.2038042372035
617,4.029190992493745,0.08946284694675,0.004843759,1746.9715168351793
618,4.030859049207673,0.08934336536813592,0.0048326585,1748.7415627047785
619,4.032527105921601,0.08922403355356523,0.004821588,1750.5114267700933
620,4.0341951626355295,0.08910485133571766,0.0048105493,1752.280174899489
621,4.035863219349458,0.08898581854741472,0.0047995267,1754.0540563289194
622,4.037531276063386,0.08886693502161969,0.0047885296,1755.8292955377099
623,4.039199332777314,0.08874820059143729,0.0047775637,1757.6036971651863
624,4.040867389491242,0.08862961509011436,0.004766612,1759.3839380231693
625,4.0425354462051715,0.08851117835103894,0.0047556967,1761.1611095358621
626,4.0442035029191,0.08839289020774121,0.0047448035,1762.940996265758
627,4.045871559633028,0.08827475049389277,0.004733931,1764.7241390369902
628,4.047539616346956,0.08815675904330678,0.004723085,1766.5079572732895
629,4.049207673060884,0.08803891568993849,0.00471226,1768.295006164766
630,4.050875729774813,0.08792122026788418,0.0047014705,1770.079168734538
631,4.052543786488741,0.08780367261138222,0.004690697,1771.8683711303988
632,4.054211843202669,0.08768627255481254,0.0046799476,1773.6592706839865
633,4.055879899916597,0.0875690199326965,0.004669223,1775.4516606714199
634,4.0575479566305255,0.08745191457969714,0.00465852,1777.2466452360354
635,4.059216013344454,0.08733495633061916,0.0046478515,1779.0393186660576
636,4.060884070058382,0.0872181450204087,0.0046372022,1780.835477004549
637,4.06255212677231,0.08710148048415367,0.004626579,1782.6324651737423
638,4.064220183486238,0.0869849625570831,0.004615987,1784.4281637613858
639,4.065888240200167,0.08686859107456812,0.004605397,1786.2345391532144
640,4.067556296914095,0.08675236587212087,0.0045948494,1788.0350125493785
641,4.069224353628023,0.08663628678539537,0.004584319,1789.8398557106582
642,4.070892410341951,0.08652035365018673,0.004573823,1791.6419490415408
643,4.0725604670558795,0.0864045663024321,0.004563334,1793.4526288039337
644,4.074228523769808,0.08628892457820947,0.0045528794,1795.2605055295817
645,4.075896580483736,0.08617342831373864,0.004542445,1797.0715438271675
646,4.077564637197664,0.08605807734538073,0.004532036,1798.8833966199998
647,4.079232693911593,0.08594287150963831,0.0045216507,1800.696818100457
648,4.0809007506255215,0.08582781064315537,0.004511285,1802.5135542617652
649,4.08256880733945,0.08571289458271714,0.0045009516,1804.328281174427
650,4.084236864053378,0.08559812316525028,0.0044906395,1806.1454885440824
651,4.085904920767306,0.08548349622782292,0.004480349,1807.9651637973154
652,4.087572977481234,0.08536901360764415,0.004470075,1809.7892836604206
653,4.089241034195163,0.08525467514206486,0.0044598356,1811.6102699758972
654,4.090909090909091,0.08514048066857682,0.004449613,1813.4356644337975
655,4.092577147623019,0.08502643002481314,0.004439414,1815.2624596948158
656,4.094245204336947,0.08491252304854835,0.004429242,1817.0892215363742
657,4.0959132610508755,0.08479875957769811,0.004419091,1818.9185412382571
658,4.097581317764804,0.08468513945031919,0.004408962,1820.7500009839298
659,4.099249374478732,0.08457166250460968,0.00439886,1822.5813457798463
660,4.100917431192661,0.08445832857890867,0.0043887785,1824.4153959341172
661,4.102585487906589,0.0843451375116967,0.0043787262,1826.2482485529733
662,4.1042535446205175,0.08423208914159519,0.004368681,1828.0897195015048
663,4.105921601334446,0.08411918330736645,0.0043586744,1829.925835156667
664,4.107589658048374,0.08400641984791446,0.0043486827,1831.7670554644124
665,4.109257714762302,0.08389379860228363,0.004338718,1833.6079972624052
666,4.11092577147623,0.08378131940965994,0.004328772,1835.4523681087694
667,4.112593828190159,0.0836689821093698,0.0043188487,1837.298284181034
668,4.114261884904087,0.08355678654088128,0.004308952,1839.1440466229406
669,4.115929941618015,0.08344473254380291,0.0042990693,1840.9952929816932
670,4.117597998331943,0.08333281995788422,0.0042892243,1842.8412820886376
671,4.1192660550458715,0.08322104862301594,0.004279391,1844.693775282746
672,4.1209341117598,0.08310941837922925,0.004269582,1846.546854190407
673,4.122602168473728,0.08299792906669667,0.00425979,1848.404320725661
674,4.124270225187656,0.08288658052573128,0.004250026,1850.2606243005473
675,4.125938281901584,0.08277537259678691,0.0042402926,1852.1146439239096
676,4.127606338615513,0.08266430512045841,0.004230567,1853.9770733759333
677,4.129274395329441,0.08255337793748119,0.0042208754,1855.835442160203
678,4.130942452043369,0.08244259088873163,0.0042111985,1857.6989812804911
679,4.132610508757297,0.08233194381522635,0.0042015454,1859.5633598542938
680,4.1342785654712255,0.0822214365581233,0.004191911,1861.4309449574787
681,4.135946622185154,0.08211106895872056,0.0041822996,1863.2995440437344
682,4.137614678899083,0.08200084085845716,0.0041727144,1865.167813201659
683,4.139282735613011,0.0818907520989125,0.0041631493,1867.038571488259
684,4.140950792326939,0.08178080252180664,0.0041536097,1868.9091564168798
685,4.1426188490408675,0.0816709919690003,0.00414409,1870.7821857126391
686,4.144286905754796,0.08156132028249452,0.0041345847,1872.6605334654628
687,4.145954962468724,0.08145178730443092,0.004125112,1874.5350748174787
688,4.147623019182652,0.08134239287709166,0.0041156462,1876.4184807472902
689,4.14929107589658,0.08123313684289912,0.004106217,1878.29621711452
690,4.150959132610509,0.08112401904441613,0.0040968056,1880.1774184127619
691,4.152627189324437,0.08101503932434617,0.004087412,1882.062080296097
692,4.154295246038365,0.08090619752553263,0.004078037,1883.9495186642996
693,4.155963302752293,0.08079749349095944,0.004068692,1885.8344948608785
694,4.1576313594662215,0.08068892706375075,0.00405937,1887.7203667464578
695,4.15929941618015,0.08058049808717094,0.004050056,1889.6144250202547
696,4.160967472894079,0.08047220640462471,0.004040773,1891.505236101718
697,4.162635529608007,0.0803640518596569,0.004031505,1893.4007884599441
698,4.164303586321935,0.0802560342959523,0.004022264,1895.2950839708037
699,4.1659716430358635,0.08014815355733595,0.0040130406,1897.19270676866
700,4.167639699749792,0.08004040948777313,0.00400384,1899.0910932698075
701,4.16930775646372,0.07993280193136887,0.0039946623,1900.9902123179681
702,4.170975813177648,0.07982533073236842,0.003985502,1902.8928406313157
703,4.172643869891576,0.07971799573515703,0.0039763637,1904.7963912745615
704,4.174311926605505,0.07961079678425964,0.003967247,1906.7013056067735
705,4.175979983319433,0.07950373372434139,0.0039581507,1908.6080308097594
706,4.177648040033361,0.07939680640020708,0.0039490736,1910.5172570085958
707,4.179316096747289,0.07929001465680141,0.003940023,1912.425164297241
708,4.1809841534612175,0.0791833583392092,0.003930991,1914.3357574449553
709,4.182652210175146,0.07907683729265458,0.003921976,1916.249981407062
710,4.184320266889074,0.07897045136250169,0.0039129793,1918.1668720420944
711,4.185988323603002,0.07886420039425412,0.003904011,1920.0813564166115
712,4.18765638031693,0.07875808423355546,0.0038950616,1921.9984484502806
713,4.189324437030859,0.07865210272618872,0.0038861264,1923.9203172972982
714,4.190992493744787,0.07854625571807639,0.0038772174,1925.8408878390376
715,4.192660550458715,0.07844054305528092,0.0038683254,1927.764868190669
716,4.194328607172643,0.07833496458400391,0.0038594569,1929.6888240320288
717,4.1959966638865716,0.07822952015058648,0.003850607,1931.6152956657938
718,4.197664720600501,0.07812420960150934,0.0038417752,1933.5445149468615
719,4.199332777314429,0.0780190327833925,0.003832966,1935.4741202181074
720,4.201000834028357,0.07791398954299533,0.0038241749,1937.4065568543567
721,4.202668890742285,0.07780907972721673,0.0038154037,1939.3406931373456
722,4.204336947456214,0.07770430318309451,0.00380666,1941.2725109903167
723,4.206005004170142,0.07759965975780603,0.0037979216,1943.2138479620317
724,4.20767306088407,0.07749514929866785,0.0037892195,1945.1480440373784
725,4.209341117597998,0.07739077165313535,0.0037805263,1947.0898667206754
726,4.2110091743119265,0.07728652666880365,0.0037718639,1949.0274615750354
727,4.212677231025855,0.07718241419340632,0.0037632107,1950.9724220771375
728,4.214345287739783,0.07707843407481652,0.0037545788,1952.918287976467
729,4.216013344453711,0.07697458616104613,0.0037459687,1954.8646452962523
730,4.217681401167639,0.07687087030024586,0.0037373798,1956.8118435809545
731,4.2193494578815685,0.07676728634070573,0.0037288088,1958.7616510955318
732,4.221017514595497,0.07666383413085442,0.0037202556,1960.7141825801843
733,4.222685571309425,0.07656051351925941,0.0037117288,1962.6645081224126
734,4.224353628023353,0.07645732435462715,0.0037032077,1964.624249160385
735,4.226021684737281,0.07635426648580279,0.00369472,1966.5778301627433
736,4.22768974145121,0.07625133976177012,0.0036862432,1968.5379550997923
737,4.229357798165138,0.07614854403165161,0.003677789,1970.4979630198366
738,4.231025854879066,0.07604587914470862,0.0036693579,1972.457418305874
739,4.232693911592994,0.07594334495034061,0.0036609387,1974.4227402110891
740,4.2343619683069225,0.07584094129808605,0.0036525442,1976.3866662557384
741,4.236030025020851,0.07573866803762164,0.003644167,1978.3533919978258
742,4.237698081734779,0.07563652501876272,0.0036358126,1980.3197074191999
743,4.239366138448707,0.075534512091463,0.0036274681,1982.2929193262185
744,4.241034195162635,0.07543262910581439,0.0036191498,1984.26380286816
745,4.242702251876564,0.07533087591204735,0.0036108443,1986.2399628723729
746,4.244370308590492,0.07522925236053057,0.0036025671,1988.2123682956665
747,4.24603836530442,0.07512775830177087,0.0035943028,1990.1900138831447
748,4.247706422018348,0.07502639358641339,0.0035860569,1992.1696504061756
749,4.2493744787322765,0.07492515806524125,0.0035778368,1994.1468960127643
750,4.251042535446205,0.07482405158917604,0.003569627,1996.130847340525
751,4.252710592160133,0.07472307400927691,0.0035614395,1998.1143968497406
752,4.254378648874061,0.07462222517674133,0.0035532687,2000.1008027944629
753,4.25604670558799,0.07452150494290477,0.0035451218,2002.0859108243837
754,4.2577147623019185,0.07442091315924027,0.0035369918,2004.0736844372723
755,4.259382819015847,0.0743204496773594,0.0035288753,2006.0661934603509
756,4.261050875729775,0.07422011434901077,0.003520779,2008.059400698123
757,4.262718932443703,0.07411990702608129,0.0035127033,2010.0531324204364
758,4.264386989157631,0.07401982756059533,0.0035046493,2012.0466514959483
759,4.26605504587156,0.07391987580471526,0.0034966099,2014.0441382532672
760,4.267723102585488,0.07382005161074068,0.0034885858,2016.0451670136738
761,4.269391159299416,0.07372035483110906,0.003480585,2018.0449142389334
762,4.271059216013344,0.07362078531839533,0.003472604,2020.045458767515
763,4.2727272727272725,0.07352134292531187,0.0034646348,2022.0517587839022
764,4.274395329441201,0.07342202750470861,0.0034566906,2024.0555315344427
765,4.276063386155129,0.0733228389095727,0.0034487578,2026.0651799193063
766,4.277731442869058,0.07322377699302862,0.0034408432,2028.0765443100097
767,4.279399499582986,0.07312484160833843,0.0034329516,2030.0865665609222
768,4.2810675562969145,0.07302603260890128,0.0034250764,2032.099395679348
769,4.282735613010843,0.07292734984825322,0.0034172204,2034.1131276956442
770,4.284403669724771,0.07282879318006796,0.0034093764,2036.1323984409087
771,4.286071726438699,0.0727303624581559,0.0034015584,2038.1482932503186
772,4.287739783152627,0.07263205753646473,0.0033937518,2040.1699881326333
773,4.289407839866556,0.07253387826907887,0.0033859676,2042.1905751352838
774,4.291075896580484,0.07243582451022001,0.003378198,2044.2148789922992
775,4.292743953294412,0.07233789611424635,0.0033704482,2046.2396328820464
776,4.29441201000834,0.07224009293565326,0.0033627157,2048.266436017891
777,4.2960800667222685,0.0721424148290728,0.0033550027,2050.293774747487
778,4.297748123436197,0.0720448616492736,0.0033473086,2052.3220620290367
779,4.299416180150125,0.07194743325116115,0.0033396229,2054.3580245454923
780,4.301084236864053,0.07185012948977765,0.0033319674,2056.3875313355597
781,4.302752293577981,0.07175295022030148,0.003324323,2058.4228740997573
782,4.30442035029191,0.07165589529804817,0.0033166932,2060.4619449602387
783,4.306088407005838,0.071558964578469,0.0033090836,2062.5009347477603
784,4.307756463719766,0.07146215791715216,0.0033014868,2064.5446857895517
785,4.309424520433694,0.07136547516982228,0.0032939184,2066.582942053328
786,4.3110925771476225,0.07126891619233977,0.0032863596,2068.6280532738715
787,4.312760633861551,0.07117248084070182,0.0032788194,2070.674033103119
788,4.31442869057548,0.07107616897104163,0.0032712983,2072.7205389192345
789,4.316096747289408,0.07097998043962861,0.0032637878,2074.7731191741264
790,4.317764804003336,0.07088391510286807,0.0032563042,2076.8210516102054
791,4.3194328607172645,0.07078797281730154,0.0032488282,2078.8770534053665
792,4.321100917431193,0.07069215343960655,0.0032413786,2080.9286286607125
793,4.322768974145121,0.07059645682659654,0.0032339399,2082.986065206378
794,4.324437030859049,0.07050088283522071,0.0032265151,2085.047328416388
795,4.326105087572977,0.07040543132256427,0.0032191135,2087.1062441414674
796,4.327773144286906,0.0703101021458481,0.0032117288,2089.1668735992334
797,4.329441201000834,0.07021489516242874,0.0032043608,2091.2293506122564
798,4.331109257714762,0.07011981022979841,0.0031970097,2093.2936510524496
799,4.33277731442869,0.070024847205585,0.0031896709,2095.3627952793167
800,4.3344453711426185,0.06993000594755194,0.0031823518,2097.4316435844808
801,4.336113427856547,0.06983528631359803,0.0031750514,2099.500957220573
802,4.337781484570476,0.0697406881617576,0.0031677643,2101.5744201753596
803,4.339449541284404,0.06964621135020044,0.0031604988,2103.646186275451
804,4.341117597998332,0.06955185573723155,0.0031532433,2105.7243399525782
805,4.3427856547122605,0.06945762118129106,0.0031460032,2107.8051429438956
806,4.344453711426189,0.06936350754095455,0.0031387887,2109.8813657615715
807,4.346121768140117,0.06926951467493259,0.0031315847,2111.9636109909115
808,4.347789824854045,0.06917564244207086,0.0031244014,2114.044635206206
809,4.349457881567973,0.06908189070135018,0.003117229,2116.1313360228673
810,4.351125938281902,0.06898825931188612,0.0031100772,2118.216917552437
811,4.35279399499583,0.0688947481329295,0.0031029386,2120.306490851588
812,4.354462051709758,0.06880135702386558,0.0030958166,2122.3977121223174
813,4.356130108423686,0.06870808584421473,0.0030887155,2124.4873686346564
814,4.3577981651376145,0.06861493445363198,0.0030816277,2126.580953901465
815,4.359466221851543,0.06852190271190695,0.0030745543,2128.67761955284
816,4.361134278565471,0.068428990478964,0.0030675002,2130.7737969825134
817,4.362802335279399,0.06833619761486198,0.0030604564,2132.876063472839
818,4.364470391993327,0.06824352397979438,0.0030534982,2134.929219801548
819,4.366138448707256,0.06815096943408883,0.0030465731,2136.971387471537
820,4.367806505421184,0.06805853383820759,0.0030396672,2139.0127102594115
821,4.369474562135112,0.06796621705274719,0.0030327688,2141.0615696621403
822,4.37114261884904,0.06787401893843836,0.0030258968,2143.104189099072
823,4.3728106755629685,0.06778193935614629,0.003019027,2145.1584753076295
824,4.374478732276898,0.06768997816686972,0.0030121787,2147.2099082086365
825,4.376146788990826,0.0675981352317423,0.0030053516,2149.258767844176
826,4.377814845704754,0.06750641041203098,0.0029985325,2151.314952736916
827,4.379482902418682,0.06741480356913698,0.002991732,2153.3704250707865
828,4.3811509591326105,0.0673233145645954,0.0029849526,2155.4232016668107
829,4.382819015846539,0.0672319432600752,0.0029781796,2157.4845108048685
830,4.384487072560467,0.06714068951737895,0.0029714208,2159.5483733588303
831,4.386155129274395,0.06704955319844319,0.0029646829,2161.609621628391
832,4.387823185988323,0.06695853416533792,0.0029579576,2163.674603788464
833,4.389491242702252,0.06686763228026682,0.002951253,2165.737058078416
834,4.39115929941618,0.066776847405567,0.002944558,2167.8055262833122
835,4.392827356130108,0.06668617940370913,0.0029378766,2169.8767866351145
836,4.394495412844036,0.06659562813729725,0.0029312158,2171.945590954453
837,4.396163469557965,0.0665051934690688,0.0029245634,2174.021288306982
838,4.397831526271894,0.06641487526189427,0.0029179354,2176.0913716761975
839,4.399499582985822,0.06632467337877779,0.0029113144,2178.1694104265225
840,4.40116763969975,0.06623458768285606,0.002904711,2180.247031530098
841,4.402835696413678,0.06614461803739957,0.002898121,2182.3276731689384
842,4.404503753127607,0.06605476430581114,0.0028915503,2184.4065400997765
843,4.406171809841535,0.06596502635162693,0.002884993,2186.4881869036194
844,4.407839866555463,0.0658754040385161,0.0028784492,2188.5727836611477
845,4.409507923269391,0.06578589723028028,0.0028719176,2190.6610597249696
846,4.4111759799833195,0.06569650579085429,0.0028654004,2192.7513318302113
847,4.412844036697248,0.0656072295843051,0.002858901,2194.840960700784
848,4.414512093411176,0.06551806847483288,0.0028524175,2196.931210709424
849,4.416180150125104,0.06542902232677006,0.002845946,2199.0254314851027
850,4.417848206839032,0.06534009100458171,0.002839496,2201.115883019732
851,4.419516263552961,0.06525127437286526,0.0028330523,2203.2146016535125
852,4.421184320266889,0.06516257229635058,0.0028266232,2205.315168332239
853,4.422852376980817,0.06507398463989988,0.002820214,2207.412986759929
854,4.424520433694745,0.0649855112685076,0.0028138112,2209.519263577586
855,4.4261884904086735,0.06489715204730018,0.002807434,2211.6181255949446
856,4.427856547122602,0.0648089068415365,0.0028010684,2213.7209990070232
857,4.42952460383653,0.06472077551660727,0.0027947125,2215.8294236027054
858,4.431192660550458,0.06463275793803525,0.0027883719,2217.938958695656
859,4.432860717264387,0.06454485397147514,0.0027820438,2220.0517084502503
860,4.4345287739783155,0.0644570634827134,0.0027757382,2222.159285558986
861,4.436196830692244,0.06436938633766853,0.0027694348,2224.278793861597
862,4.437864887406172,0.06428182240239055,0.0027631563,2226.3910944708723
863,4.4395329441201,0.06419437154306107,0.0027568892,2228.5074817878526
864,4.441201000834028,0.06410703362599346,0.00275063,2230.6309117372266
865,4.442869057547957,0.06401980851763245,0.0027443941,2232.7483473172592
866,4.444537114261885,0.06393269608455454,0.0027381657,2234.8731891945654
867,4.446205170975813,0.06384569619346714,0.002731954,2236.997498914388
868,4.447873227689741,0.06375880871120931,0.0027257616,2239.1190309107055
869,4.4495412844036695,0.06367203350475137,0.0027195725,2241.2515464715552
870,4.451209341117598,0.06358537044119472,0.0027134032,2243.3808314120415
871,4.452877397831526,0.0634988193877718,0.0027072486,2245.511249882956
872,4.454545454545455,0.06341238021184625,0.0027011055,2247.6454007305924
873,4.456213511259383,0.06332605278091286,0.0026949774,2249.7804347946976
874,4.4578815679733115,0.06323983696259683,0.0026888638,2251.916725003341
875,4.45954962468724,0.06315373262465462,0.0026827625,2254.056079255347
876,4.461217681401168,0.06306773963497336,0.0026766772,2256.1952047182517
877,4.462885738115096,0.06298185786157084,0.0026706045,2258.337140372398
878,4.464553794829024,0.06289608717259554,0.0026645458,2260.480632595214
879,4.466221851542953,0.06281042743632648,0.0026585017,2262.625032529738
880,4.467889908256881,0.06272487852117314,0.0026524693,2264.773004341905
881,4.469557964970809,0.06263944029567559,0.0026464514,2266.9220402838396
882,4.471226021684737,0.06255411262850408,0.0026404483,2269.0716896087215
883,4.4728940783986655,0.062468895388459345,0.0026344564,2271.225268112554
884,4.474562135112594,0.06238378844447212,0.0026284794,2273.379406462693
885,4.476230191826522,0.06229879166560348,0.0026225196,2275.531957745122
886,4.47789824854045,0.062213904921044394,0.0026165657,2277.6932307231846
887,4.479566305254378,0.06212912808011617,0.0026106278,2279.853926619389
888,4.481234361968307,0.06204446101226968,0.0026047037,2282.0161257421846
889,4.482902418682235,0.06195990358708592,0.0025987963,2284.177022229473
890,4.484570475396163,0.06187545567427566,0.0025928973,2286.3442744075905
891,4.486238532110091,0.06179111714367935,0.0025870157,2288.5095159870766
892,4.4879065888240195,0.061706887865267124,0.0025811484,2290.6757033251606
893,4.489574645537948,0.06162276770913866,0.002575292,2292.8458306998314
894,4.491242702251877,0.06153875654552321,0.0025694452,2295.021194424741
895,4.492910758965805,0.06145485424477948,0.0025636163,2297.1939631688765
896,4.494578815679733,0.06137106067739562,0.0025578008,2299.3682182021084
897,4.4962468723936615,0.06128737571398901,0.0025519973,2301.545463827937
898,4.49791492910759,0.061203799225306166,0.0025462043,2303.727003770714
899,4.499582985821518,0.061120331082223034,0.0025404296,2305.905338259834
900,4.501251042535446,0.06103697115574436,0.002534664,2308.089240988304
901,4.502919099249374,0.06095371931700411,0.0025289117,2310.2747270690047
902,4.504587155963303,0.06087057543726515,0.002523176,2312.458651143196
903,4.506255212677231,0.060787539387919365,0.0025174506,2314.646760778264
904,4.507923269391159,0.06070461104048708,0.002511738,2316.836811760921
905,4.509591326105087,0.06062179026661774,0.0025060354,2319.0317003838427
906,4.5112593828190155,0.06053907693808913,0.0025003548,2321.2194793408944
907,4.512927439532944,0.06045647092680806,0.002494679,2323.4167739167706
908,4.514595496246873,0.060373972104809326,0.0024890136,2325.618412395281
909,4.516263552960801,0.060291580344256634,0.0024833702,2327.8127833443245
910,4.517931609674729,0.06020929551744181,0.002477735,2330.0134738843485
911,4.5195996663886575,0.0601271174967849,0.0024721106,2332.217980497732
912,4.521267723102586,0.060045046154834525,0.0024664996,2334.4235377692607
913,4.522935779816514,0.0599630813642672,0.0024609037,2336.628497664314
914,4.524603836530442,0.05988122299788756,0.0024553207,2338.8351228171555
915,4.52627189324437,0.05979947092862814,0.0024497455,2341.048256896857
916,4.527939949958299,0.05971782502954981,0.002444189,2343.2572115730236
917,4.529608006672227,0.059636285173840675,0.0024386426,2345.470541284808
918,4.531276063386155,0.059554851234817296,0.002433111,2347.6833246860947
919,4.532944120100083,0.05947352308592346,0.0024275896,2349.900211481472
920,4.5346121768140115,0.05939230060073075,0.002422076,2352.123789290643
921,4.53628023352794,0.059311183652938415,0.0024165786,2354.3453280788794
922,4.537948290241868,0.05923017211637305,0.0024110982,2356.5640519521767
923,4.539616346955796,0.05914926586498881,0.0024056265,2358.7884565096683
924,4.541284403669724,0.05906846477286698,0.0024001673,2361.014492934002
925,4.542952460383653,0.058987768714216404,0.0023947204,2363.2423715638056
926,4.544620517097581,0.058907177563372826,0.0023892862,2365.471824964595
927,4.546288573811509,0.05882669119479933,0.002383866,2367.70113623198
928,4.547956630525437,0.05874630948308601,0.0023784507,2369.940172400535
929,4.5496246872393655,0.058666032302949755,0.0023730577,2372.1705472687095
930,4.551292743953295,0.05858585952923456,0.002367672,2374.4077060124882
931,4.552960800667223,0.058505791036911226,0.0023622978,2376.6475188443246
932,4.554628857381151,0.0584258267010771,0.0023569355,2378.889476338886
933,4.556296914095079,0.05834596639695655,0.0023515855,2381.133062584792
934,4.5579649708090075,0.058266209999900176,0.0023462523,2383.3735656821855
935,4.559633027522936,0.05818655738538525,0.002340922,2385.6257443996883
936,4.561301084236864,0.058107008429015505,0.0023356092,2387.8737925598157
937,4.562969140950792,0.05802756300652101,0.0023303106,2390.121357331481
938,4.56463719766472,0.05794822099375829,0.0023250242,2392.3706351801384
939,4.566305254378649,0.05786898226670978,0.0023197434,2394.6286079776446
940,4.567973311092577,0.05778984670148435,0.002314481,2396.881498575831
941,4.569641367806505,0.05771081417431667,0.0023092302,2399.136520381019
942,4.571309424520433,0.05763188456156765,0.0023039873,2401.3976928900397
943,4.572977481234362,0.057553057739723856,0.002298757,2403.6599577570137
944,4.574645537948291,0.057474333585397996,0.0022935388,2405.9237886532314
945,4.576313594662219,0.057395711975328445,0.0022883378,2408.183540577685
946,4.577981651376147,0.057317192786379034,0.002283142,2410.4524416228505
947,4.579649708090075,0.057238775895539495,0.0022779603,2412.7205174533037
948,4.5813177648040035,0.05716046117992479,0.00227279,2414.990806202724
949,4.582985821517932,0.05708224851677568,0.002267634,2417.2601817901577
950,4.58465387823186,0.05700413778345803,0.002262487,2419.5342940311266
951,4.586321934945788,0.056926128857463176,0.0022573457,2421.8170440862978
952,4.587989991659716,0.05684822161640757,0.0022522244,2424.092290560968
953,4.589658048373645,0.05677041593803289,0.0022471147,2426.369339397415
954,4.591326105087573,0.056692711700205844,0.0022420124,2428.652888755346
955,4.592994161801501,0.05661510878091802,0.0022369237,2430.93610556826
956,4.594662218515429,0.056537607058286254,0.0022318466,2433.2210548186763
957,4.5963302752293576,0.05646020641055194,0.002226785,2435.503200174845
958,4.597998331943286,0.05638290671608104,0.0022217287,2437.7944367743253
959,4.599666388657214,0.05630570785336486,0.002216686,2440.0849338637113
960,4.601334445371142,0.056228609701018506,0.0022116527,2442.3797235135958
961,4.6030025020850704,0.0561516121377823,0.0022066329,2444.673967560901
962,4.604670558798999,0.056074715042520706,0.002201626,2446.9681532584664
963,4.606338615512927,0.055997918294222404,0.00219663,2449.2649359227926
964,4.608006672226855,0.05592122177200054,0.0021916432,2451.56592052878
965,4.609674728940784,0.055844625355092714,0.0021866644,2453.8727324808838
966,4.6113427856547125,0.055768128922860094,0.002181702,2456.1752876048113
967,4.613010842368641,0.055691732354788526,0.002176753,2458.4773300376282
968,4.614678899082569,0.05561543553048742,0.0021718103,2460.787044439588
969,4.616346955796497,0.0555392383296901,0.0021668824,2463.094267690353
970,4.618015012510425,0.05546314063225399,0.002161962,2465.407770401467
971,4.619683069224354,0.05538714231816,0.0021570544,2467.721191365502
972,4.621351125938282,0.05531124326751291,0.0021521593,2470.0347611949833
973,4.62301918265221,0.05523544336054076,0.002147275,2472.3506660638955
974,4.624687239366138,0.055159742477595475,0.0021423998,2474.670840285211
975,4.6263552960800665,0.05508414049915222,0.002137536,2476.992470924194
976,4.628023352793995,0.055008637305809405,0.0021326859,2479.312709185173
977,4.629691409507923,0.0549332327782891,0.0021278458,2481.63601475241
978,4.631359466221852,0.05485792679743595,0.0021230106,2483.968604554634
979,4.63302752293578,0.0547827192442184,0.0021181935,2486.2943161083845
980,4.6346955796497085,0.05470760999972735,0.0021133863,2488.6233034992747
981,4.636363636363637,0.054632598945177024,0.0021085897,2490.9544067219704
982,4.638031693077565,0.054557685961904356,0.0021038014,2493.290756036378
983,4.639699749791493,0.054482870931369165,0.0020990246,2495.62803574679
984,4.641367806505421,0.05440815373515373,0.0020942609,2497.9644746056715
985,4.64303586321935,0.054333534254963456,0.002089502,2500.310158650764
986,4.644703919933278,0.05425901237262576,0.0020847656,2502.6433287210966
987,4.646371976647206,0.05418458797009085,0.0020800321,2504.988020363134
988,4.648040033361134,0.054110260929431275,0.0020753092,2507.334935828912
989,4.6497080900750625,0.05403603113284183,0.0020705962,2509.6846359177343
990,4.651376146788991,0.05396189846263977,0.0020658958,2512.0338616290796
991,4.653044203502919,0.05388786280126412,0.002061208,2514.38256102506
992,4.654712260216847,0.05381392403127627,0.002056527,2516.7380880780056
993,4.656380316930775,0.053740082035359515,0.00205186,2519.0909502387726
994,4.658048373644704,0.05366633669631915,0.0020471993,2521.4515094852527
995,4.659716430358632,0.05359268789708205,0.002042553,2523.809024574907
996,4.66138448707256,0.0535191355206972,0.002037918,2526.167319333758
997,4.663052543786488,0.05344567945033496,0.0020332925,2528.528761574019
998,4.6647206005004165,0.05337231956928745,0.0020286746,2530.896051260688
999,4.666388657214345,0.05329905576096805,0.0020240701,2533.26132092347
1000,4.668056713928274,0.05322588790891203,0.0020194761,2535.628453812622
1001,4.669724770642202,0.053152815896775674,0.0020148887,2538.0026021499534
1002,4.67139282735613,0.05307983960833651,0.0020103164,2540.372470345469
1003,4.6730608840700585,0.0530069589274933,0.0020057496,2542.75054740023
1004,4.674728940783987,0.052934173738266144,0.002001197,2545.1254770363307
1005,4.676396997497915,0.05286148392479573,0.0019966539,2547.503664482756
1006,4.678065054211843,0.05278888937134418,0.0019921227,2549.8813763801
1007,4.679733110925771,0.052716389962294,0.0019875963,2552.2685023012555
1008,4.6814011676397,0.05264398558214878,0.0019830859,2554.6498117702067
1009,4.683069224353628,0.05257167611553282,0.0019785848,2557.0342684967427
1010,4.684737281067556,0.052499461447190865,0.0019740937,2559.4209134418
1011,4.686405337781484,0.05242734146198835,0.00196961,2561.8131805567173
1012,4.6880733944954125,0.05235531604491095,0.0019651393,2564.2038151500346
1013,4.689741451209342,0.05228338508106489,0.001960675,2566.601303133736
1014,4.69140950792327,0.05221154845567688,0.0019562263,2568.993272623278
1015,4.693077564637198,0.052139806054093296,0.0019517841,2571.3920508661618
1016,4.694745621351126,0.052068157761781086,0.0019473549,2573.788863120331
1017,4.6964136780650545,0.05199660346432711,0.0019429334,2576.1906976160913
1018,4.698081734778983,0.051925143047438116,0.0019385178,2578.6002884487393
1019,4.699749791492911,0.051853776396941,0.0019341193,2581.0020080580234
1020,4.701417848206839,0.05178250339878199,0.00192973,2583.4067407844677
1021,4.703085904920767,0.05171132393902744,0.0019253497,2585.814629254431
1022,4.704753961634696,0.051640237903863295,0.0019209773,2588.2274470187654
1023,4.706422018348624,0.051569245179594825,0.0019166124,2590.6455192844255
1024,4.708090075062552,0.05149834565264699,0.0019122608,2593.0608138552184
1025,4.70975813177648,0.05142753920956389,0.0019079209,2595.4753934773303
1026,4.7114261884904085,0.05135682573700928,0.0019035863,2597.898442090862
1027,4.713094245204337,0.05128620512176585,0.0018992661,2600.31691587045
1028,4.714762301918265,0.0512156772507355,0.0018949547,2602.7388582732165
1029,4.716430358632193,0.051145242010939174,0.0018906515,2605.164919772092
1030,4.718098415346121,0.05107489928951703,0.0018863615,2607.588072604174
1031,4.71976647206005,0.051004648973727584,0.001882074,2610.023494138545
1032,4.721434528773978,0.05093449095094882,0.0018778025,2612.4519139313034
1033,4.723102585487906,0.05086442510867695,0.0018735398,2614.8836750298597
1034,4.724770642201834,0.05079445133452687,0.0018692841,2617.3211294151874
1035,4.7264386989157625,0.0507245695162325,0.0018650823,2619.696037414759
1036,4.728106755629692,0.050654779541645545,0.0018609228,2622.0247912673935
1037,4.72977481234362,0.050585081298736734,0.0018567806,2624.3434684551244
1038,4.731442869057548,0.050515474675594696,0.0018526432,2626.6704344855216
1039,4.733110925771476,0.05044595956042641,0.0018485193,2628.992830974024
1040,4.7347789824854045,0.05037653584155699,0.0018443993,2631.324879041808
1041,4.736447039199333,0.05030720340742967,0.001840292,2633.6533072789553
1042,4.738115095913261,0.0502379621466057,0.0018361903,2635.9887912714985
1043,4.739783152627189,0.050168811947764014,0.0018321029,2638.318475050274
1044,4.741451209341117,0.05009975269970157,0.0018280195,2640.6574438385614
1045,4.743119266055046,0.0500307842913329,0.001823946,2642.996984466779
1046,4.744787322768974,0.04996190661169031,0.0018198834,2645.335651592616
1047,4.746455379482902,0.0498931195499237,0.001815828,2647.6786761342214
1048,4.74812343619683,0.0498244229953001,0.0018117825,2650.022342048387
1049,4.749791492910759,0.049755816837204314,0.0018077468,2652.3664322414456
1050,4.751459549624688,0.0496873009651384,0.001803721,2654.7110826496414
1051,4.753127606338616,0.04961887526872155,0.0017997023,2657.060176216779
1052,4.754795663052544,0.04955053963768996,0.0017956936,2659.4094148610848
1053,4.756463719766472,0.049482293961897295,0.001791691,2661.765034622732
1054,4.7581317764804005,0.04941413813131368,0.0017877001,2664.1178687189085
1055,4.759799833194329,0.04934607203602659,0.0017837188,2666.471456399823
1056,4.761467889908257,0.049278095566239966,0.0017797438,2668.8308298299153
1057,4.763135946622185,0.04921020861227465,0.0017757812,2671.186549686193
1058,4.764804003336113,0.04914241106456807,0.001771823,2673.5507455780544
1059,4.766472060050042,0.04907470281367432,0.001767877,2675.9115683215878
1060,4.76814011676397,0.04900708375026375,0.0017639373,2678.278108399134
1061,4.769808173477898,0.048939553765123156,0.0017600082,2680.6435673991996
1062,4.771476230191826,0.048872112749155816,0.0017560875,2683.011209905905
1063,4.7731442869057545,0.048804760593381125,0.0017521739,2685.3834157142232
1064,4.774812343619683,0.04873749718893439,0.0017482718,2687.7529410990765
1065,4.776480400333611,0.04867032242706726,0.0017443781,2690.1245562131317
1066,4.778148457047539,0.04860323619914719,0.0017404865,2692.5086938286763
1067,4.779816513761467,0.04853623839665766,0.0017366111,2694.8823785698523
1068,4.781484570475396,0.04846932891119793,0.0017327424,2697.26106563686
1069,4.783152627189324,0.04840250763448262,0.0017288834,2699.639853551808
1070,4.784820683903252,0.04833577445834236,0.0017250313,2702.0230459744116
1071,4.786488740617181,0.048269129274723266,0.0017211877,2704.4081713334713
1072,4.788156797331109,0.04820257197568689,0.0017173527,2706.795200913633
1073,4.789824854045038,0.048136102453410046,0.0017135277,2709.1814337488845
1074,4.791492910758966,0.04806972060018477,0.0017097098,2711.5719847061646
1075,4.793160967472894,0.048003426308418695,0.0017058987,2713.9670391396317
1076,4.794829024186822,0.04793721947063412,0.0017020993,2716.358501708004
1077,4.7964970809007506,0.0478710999794687,0.0016983075,2718.7534414154356
1078,4.798165137614679,0.04780506772767479,0.0016945226,2721.1526189481942
1079,4.799833194328607,0.047739122608119744,0.0016907469,2723.55233282565
1080,4.801501251042535,0.04767326451378562,0.0016869797,2725.953711140454
1081,4.8031693077564634,0.04760749333776937,0.0016832158,2728.365329451254
1082,4.804837364470392,0.04754180897328231,0.0016794436,2730.8070543180006
1083,4.80650542118432,0.04747621131365043,0.0016756791,2733.2519557158266
1084,4.808173477898249,0.047410700252313864,0.0016719198,2735.704161450546
1085,4.809841534612177,0.04734527568282765,0.0016681729,2738.1516094892495
1086,4.8115095913261055,0.047279937498860614,0.0016644314,2740.605928977368
1087,4.813177648040034,0.04721468559419595,0.0016607019,2743.0559749478325
1088,4.814845704753962,0.04714951986273086,0.001656977,2745.5144537218634
1089,4.81651376146789,0.047084440198476685,0.001653262,2747.972170695775
1090,4.818181818181818,0.04701944649555856,0.0016495553,2750.4316852258603
1091,4.819849874895747,0.04695453864821564,0.0016458546,2752.897203088408
1092,4.821517931609675,0.04688971655080065,0.0016421683,2755.3539549917095
1093,4.823185988323603,0.04682498009778013,0.0016384841,2757.8233335493255
1094,4.824854045037531,0.04676032918373396,0.0016348121,2760.28768776559
1095,4.8265221017514595,0.04669576370335582,0.001631145,2762.759793703513
1096,4.828190158465388,0.04663128355145263,0.0016274886,2765.229427394877
1097,4.829858215179316,0.04656688862294478,0.0016238397,2767.7022732983537
1098,4.831526271893244,0.04650257881286568,0.0016201987,2770.17748760592
1099,4.833194328607172,0.04643835401636198,0.0016165646,2772.6569053145913
1100,4.834862385321101,0.04637421412869358,0.0016129423,2775.131593504732
1101,4.836530442035029,0.04631015904523306,0.0016093274,2777.609577184903
1102,4.838198498748957,0.046246188661466237,0.0016057182,2780.093761459874
1103,4.839866555462885,0.04618230287299152,0.0016021172,2782.579547098548
1104,4.8415346121768135,0.04611850157552,0.0015985233,2785.0690009407454
1105,4.843202668890742,0.04605478466487567,0.0015949423,2787.5517805614168
1106,4.844870725604671,0.045991152036994665,0.0015913631,2790.0476477620527
1107,4.846538782318599,0.045927603587926136,0.0015877972,2792.5358920084313
1108,4.848206839032527,0.045864139213831145,0.0015842363,2795.0314970026193
1109,4.8498748957464555,0.04580075881098322,0.0015806848,2797.5263730361753
1110,4.851542952460384,0.04573746227576825,0.0015771376,2800.0298826368503
1111,4.853211009174312,0.04567424950468402,0.0015736066,2802.5201546056733
1112,4.85487906588824,0.045611120394340454,0.0015700767,2805.025017359285
1113,4.856547122602168,0.045548074841459396,0.0015665547,2807.5318098852667
1114,4.858215179316097,0.0454851127428747,0.0015630428,2810.0363824875285
1115,4.859883236030025,0.0454222339955318,0.0015595374,2812.545404576188
1116,4.861551292743953,0.045359438496487936,0.0015560398,2815.056469075002
1117,4.863219349457881,0.045296726142912136,0.0015525528,2817.5642948718314
1118,4.8648874061718095,0.04523409683208446,0.001549073,2820.0751660008727
1119,4.866555462885739,0.04517155046139687,0.0015455995,2822.5908222627386
1120,4.868223519599667,0.04510908692835247,0.0015421303,2825.115233276675
1121,4.869891576313595,0.04504670613056583,0.0015386767,2827.6265020778023
1122,4.871559633027523,0.04498440796576242,0.0015352205,2830.1593400945853
1123,4.8732276897414515,0.044922192331778965,0.0015317819,2832.67556295983
1124,4.87489574645538,0.04486005912656321,0.0015283471,2835.200900234702
1125,4.876563803169308,0.044798008248173704,0.0015249207,2837.7270890837945
1126,4.878231859883236,0.04473603959478001,0.0015215006,2840.2576869029986
1127,4.879899916597164,0.04467415306466227,0.0015180887,2842.7892997295016
1128,4.881567973311093,0.044612348556211434,0.0015146855,2845.3209813702324
1129,4.883236030025021,0.044550625967928914,0.0015112896,2847.8549530246437
1130,4.884904086738949,0.04448898519842659,0.0015079,2850.3936914685883
1131,4.886572143452877,0.04442742614642692,0.0015045167,2852.9367339749288
1132,4.8882402001668055,0.04436594871076249,0.0015011437,2855.4765067321055
1133,4.889908256880734,0.04430455279037626,0.0014977767,2858.0212056482687
1134,4.891576313594662,0.04424323828432131,0.0014944202,2860.5620624598255
1135,4.89324437030859,0.04418200509176062,0.0014910699,2863.1075506250936
1136,4.894912427022518,0.04412085311196734,0.0014877233,2865.6625363496905
1137,4.896580483736447,0.0440597822443245,0.0014843887,2868.21052994557
1138,4.898248540450375,0.043998792388324715,0.0014810609,2870.761923415675
1139,4.899916597164303,0.043937883443570525,0.0014777388,2873.318571849854
1140,4.901584653878231,0.04387705530977404,0.0014744272,2875.871310070058
1141,4.90325271059216,0.04381630788675683,0.0014711217,2878.4285358876136
1142,4.904920767306089,0.04375564107445018,0.0014678227,2880.989531273826
1143,4.906588824020017,0.04369505477289426,0.001464527,2883.5609212373574
1144,4.908256880733945,0.043634548882239055,0.0014612435,2886.124433614411
1145,4.909924937447873,0.04357412330274335,0.0014579687,2888.6871030320726
1146,4.9115929941618015,0.04351377793477529,0.0014546985,2891.2574885213717
1147,4.91326105087573,0.04345351267881192,0.001451437,2893.8269667093646
1148,4.914929107589658,0.04339332743543911,0.0014481829,2896.3983685878857
1149,4.916597164303586,0.04333322210535173,0.0014449332,2898.977460030477
1150,4.918265221017514,0.04327319658935347,0.0014416936,2901.552870241875
1151,4.919933277731443,0.04321325078835658,0.00143846,2904.1330230754415
1152,4.921601334445371,0.04315338460338192,0.0014352389,2906.7040104322446
1153,4.923269391159299,0.04309359793555878,0.0014320163,2909.2952969589132
1154,4.924937447873227,0.043033890686124954,0.0014288061,2911.8775730694197
1155,4.926605504587156,0.04297426275642646,0.0014255993,2914.4699039150546
1156,4.928273561301085,0.0429147140479178,0.0014224064,2917.050108500469
1157,4.929941618015013,0.04285524446216149,0.0014192145,2919.645268741243
1158,4.931609674728941,0.04279585390082785,0.0014160312,2922.2395711875074
1159,4.933277731442869,0.042736542265695676,0.0014128562,2924.8332055125784
1160,4.9349457881567975,0.042677309458651225,0.001409687,2927.4316142434222
1161,4.936613844870726,0.04261815538168878,0.0014065291,2930.0230033273438
1162,4.938281901584654,0.042559079936910216,0.0014033727,2932.6283874560195
1163,4.939949958298582,0.042500083026525304,0.0014002243,2935.2339664820956
1164,4.94161801501251,0.04244116455285096,0.0013970854,2937.8361465508397
1165,4.943286071726439,0.04238232441831202,0.0013939528,2940.4419540149297
1166,4.944954128440367,0.04232356252544023,0.001390826,2943.0523898842252
1167,4.946622185154295,0.0422648787768749,0.0013877075,2945.661824531717
1168,4.948290241868223,0.04220627307536251,0.0013845955,2948.274553798999
1169,4.9499582985821515,0.042147745323756536,0.0013814917,2950.886700211525
1170,4.95162635529608,0.042089295425017714,0.0013783908,2953.509553647365
1171,4.953294412010008,0.04203092328221336,0.0013753008,2956.125829674172
1172,4.954962468723936,0.04197262879851793,0.0013722145,2958.751244109322
1173,4.956630525437864,0.041914411877212565,0.0013691377,2961.373075353816
1174,4.958298582151793,0.0418562724216851,0.0013660671,2963.9982878346636
1175,4.959966638865721,0.041798210335429964,0.0013630054,2966.6210986949645
1176,4.961634695579649,0.041740225522047925,0.0013599487,2969.2501037053207
1177,4.963302752293578,0.041682317885246234,0.0013568959,2971.8876805141485
1178,4.964970809007506,0.04162448732883883,0.0013538541,2974.517994471124
1179,4.966638865721435,0.041566733756745355,0.0013508197,2977.1488812297603
1180,4.968306922435363,0.041509057072991906,0.001347789,2979.7890724400268
1181,4.969974979149291,0.041451457181710616,0.0013447662,2982.4284625466444
1182,4.971643035863219,0.04139393398713953,0.0013417508,2985.0685976263376
1183,4.9733110925771475,0.04133648739362272,0.001338741,2987.7134597295667
1184,4.974979149291076,0.04127911730560985,0.0013357392,2990.357653698964
1185,4.976647206005004,0.041221823627656584,0.0013327427,2993.0067943988115
1186,4.978315262718932,0.041164606264423864,0.0013297556,2995.6519319375266
1187,4.97998331943286,0.04110746512067853,0.0013267727,2998.304937983087
1188,4.981651376146789,0.041050400101292794,0.0013237951,3000.963379035783
1189,4.983319432860717,0.040993411111243994,0.001320828,3003.614669822646
1190,4.984987489574646,0.040936498055614945,0.001317863,3006.278721804158
1191,4.986655546288574,0.04087966083959382,0.0013149086,3008.9355080275473
1192,4.988323603002502,0.04082289936847361,0.0013119596,3011.597332471784
1193,4.989991659716431,0.04076621354765242,0.0013090158,3014.2644662554253
1194,4.991659716430359,0.0407096032826334,0.0013060836,3016.921625721338
1195,4.993327773144287,0.0406530684790245,0.0013031531,3019.5926317573467
1196,4.994995829858215,0.040596609042538256,0.0013002284,3022.2674968342776
1197,4.9966638865721436,0.040540224878992226,0.0012973128,3024.9383520454576
1198,4.998331943286072,0.04048391589430822,0.0012944038,3027.6110138800113
1199,5.0,0.04042768199451274,0.0012915012,3030.2860103983217
